topic,sentiment_mean,sentiment_std,subjectivity_mean,subjectivity_std,counting
Argentinien,-0.2785722848896781,1.0,-0.8622786972530931,1.0,1.0
China,0.7417487038395932,1.0,0.3753365677139651,1.0,1.0
Deutschland,-0.46321927592998047,1.292597988326771,-0.1942813150331923,1.1013961933221188,4.0
Frankreich,0.11562806341666317,0.9876546487106102,-0.011256390649555545,0.9260079723615184,303.0
Israel,0.41194675227982713,1.6970800308214629,-0.07874892250222605,0.30720510635157233,5.0
Kamerun,-0.7412919377970456,1.0,-0.38836898167576944,1.0,1.0
Kanada,0.7291859011730778,1.0,-0.3495093884792426,1.0,1.0
NordKorea,-0.3959397206948707,0.5198373212040507,-0.41470094740168173,0.670498389961199,14.0
PuertoRico,0.6126458623452467,1.0,-0.3938550346068485,1.0,1.0
Ruanda,0.028000000000000014,1.0,0.242,1.0,1.0
Russland,-0.4552713731465187,0.7862445710280546,-0.3036469213758672,0.37739053440747533,41.0
Slowenien,0.22873431222514717,0.5444068230188882,-0.15264029074922725,0.32942932408657943,2.0
Spanien,-0.11500084562938934,0.18696289882370976,-0.21404147022597053,0.10516669036834843,2.0
Türkei,-1.1954003424445012,1.0,-0.7508435722002571,1.0,1.0
UK,-0.2841368104407787,1.1655304660568675,0.011996148923427437,0.6321740237491703,22.0
UN,0.6400940300034736,0.9307030421550103,0.0222256859051972,0.9609432624170926,5.0
USA,0.0407373309990877,0.9874025259689053,0.1887725170067275,1.3273321198326296,199.0
Ukraine,-0.28400855810440234,0.9214235261484842,-0.248138007725264,0.4264464458893694,15.0
Vatikan,1.4958396033143964,1.0,7.660298968029648,1.0,1.0
Venezuela,-1.2142237625370877,0.49282528640293,-0.22990980220884988,0.12506792267619776,2.0
unknown,-0.020449741781105684,0.9610114695377718,-0.025502175390666494,0.837837293985659,479.0
