week,sentiment_mean,sentiment_std,subjectivity_mean,subjectivity_std,counting
2026-27,0.1726799651597899,1.2074687641741628,0.2580470437768353,1.2660416291752299,90.0
2026-28,0.076039984080318,0.8568098509052404,0.07965801214232729,0.9541123600025919,64.0
2026-29,0.13760991120762012,1.1302972193298177,0.028606987840107186,1.271443399129109,135.0
2026-30,-0.10664412601678805,0.8472084748516321,-0.005858175760822419,0.5749192684609835,87.0
2026-31,0.09459032146150273,0.9882143967666575,-0.08056794821581298,0.7292862146253614,53.0
2026-32,-0.09773442264942335,0.7353958331291877,-0.1265523607337687,1.1413672008519513,67.0
2026-33,-0.07054317898384364,0.9963085123598824,-0.10191789432076381,0.656785465896791,106.0
2026-34,-0.05509538102308011,0.7975870321757065,0.02920711053026901,0.9728018249929641,114.0
2026-35,0.05819036470109759,0.797758728881699,-0.029720804317372628,0.6734361478912447,88.0
2026-36,0.028538839446887076,0.9628516667111333,-0.07871032198043648,0.7042597948453393,55.0
2026-37,-0.24154521187913305,0.987414569499174,-0.00015699494330805415,1.2771962709449476,108.0
2026-38,-0.01246207976157856,1.1521719440305638,-0.12358589151415916,0.6808203355463477,77.0
2026-39,0.3207458899444578,0.9162458848082209,0.36211364420628606,0.9305508396656917,22.0
