domain,sentiment_mean,sentiment_std,subjectivity_mean,subjectivity_std,counting
www.huffingtonpost.fr,0.07951010762061718,0.11386892218975161,0.2364132295517646,0.416844819048169,157.0
www.20minutes.fr,0.09745227555668731,0.13651556656770883,0.29358861019155136,0.6256289908118432,153.0
www.franceinfo.fr,0.08635985253594743,0.13028591193335898,0.18357489448912806,0.32726035230717887,137.0
www.bfmtv.com,0.07170953537592194,0.12641093502168593,0.14932328867055758,0.12779393475412112,105.0
www.ledauphine.com,0.06699527744982291,0.12820988225413743,0.1815541406645303,0.12015974124194986,77.0
www.courrierinternational.com,0.07500917289780927,0.10142019528462719,0.1554854847173029,0.08335548451910735,55.0
www.lalibre.be,0.054437337662337666,0.11774964047974651,0.20302385543749182,0.11242349652593416,55.0
www.nouvelobs.com,0.06672089230214232,0.14278634497854586,0.18361157106782106,0.11035386467478185,40.0
www.dhnet.be,0.06703285725712196,0.15745688794001114,0.2326773594053006,0.15170275189010912,34.0
www.mediapart.fr,0.19189531397721055,0.06845726231370884,0.23832409688013134,0.3641280354893532,29.0
www.presse-citron.net,0.10286179981634526,0.10562688232649327,0.16224501508592418,0.0788601751618724,22.0
www.lexpress.fr,0.08712323724255543,0.12883720582400637,0.3368463695395513,0.5258773989688549,22.0
www.journaldunet.com,0.02334283309283309,0.10785702654696325,0.11580234315948601,0.11127207552927791,21.0
www.challenges.fr,0.08251298701298701,0.10540216960840172,0.20478544372294372,0.1630647297148847,20.0
www.lavenir.net,0.10569770044770045,0.16317945450483365,0.16430687830687832,0.14156024673597556,15.0
www.legorafi.fr,0.09080092592592592,0.18259658290209868,0.22483449074074072,0.110752192570033,12.0
www.begeek.fr,0.07353571428571429,0.1259903824097322,0.26806878306878307,0.09930839047774703,9.0
www.sofoot.com,-0.01057154882154882,0.1563473130900513,0.21554208754208756,0.17711415819510273,9.0
www.journaldugeek.com,0.2526622023809524,0.11735180398971128,0.2966468253968254,0.15553161692798517,8.0
atlantico.fr,0.117984126984127,0.08760219961090696,0.2092063492063492,0.04279058617918286,7.0
www.telerama.fr,0.1087797619047619,0.08337086208527095,0.24818027210884355,0.060580568369819426,7.0
www.lesnumeriques.com,0.11584467120181408,0.18759321849806362,0.3510770975056689,0.16528285977782925,7.0
www.camer.be,0.1458611111111111,0.2271022876900937,0.06930555555555555,0.09926174247170215,6.0
www.prnewswire.com,0.18286580086580084,0.10594220867467538,0.16606060606060608,0.08642314780631798,6.0
www.gameblog.fr,0.15377857142857146,0.10668943461835233,0.25921428571428573,0.1739631089205586,5.0
www.konbini.com,0.05351666666666667,0.13278648797558015,1.1208333333333331,1.8865707793654478,5.0
www.frandroid.com,0.10520833333333332,0.0377882440567022,0.13666666666666666,0.0395343263881271,4.0
www.lesinrocks.com,0.17038690476190477,0.13954694587818992,0.2672916666666666,0.14705972426194738,4.0
france3-regions.franceinfo.fr,0.043181818181818175,0.15489999439787858,0.2831818181818182,0.06764485528316982,3.0
rmcsport.bfmtv.com,-0.000701754385964907,0.09600659795732204,0.17105263157894737,0.20618887073630446,3.0
theconversation.com,0.07613636363636363,0.1470173501314366,0.22303030303030305,0.1552133517871538,3.0
www.opinion-internationale.com,-0.037166666666666674,0.22004904756288612,0.31666666666666665,0.035118845842842465,3.0
www.monde-diplomatique.fr,0.031553631553631556,0.038743211106055886,0.1713083213083213,0.03705342334735742,3.0
dailygeekshow.com,0.16499999999999998,0.238059282999471,0.33,0.16970562748477142,2.0
www.numerama.com,0.03979166666666667,0.11814575802325233,0.43680555555555556,0.17775878804828485,2.0
www.fark.com,0.0,0.0,0.0,0.0,2.0
www.phonandroid.com,0.0,1.0,0.0,1.0,1.0
www.politico.eu,0.0,1.0,0.0,1.0,1.0
afriquexxi.info,0.0,1.0,0.0,1.0,1.0
www.jeuneafrique.com,0.0,1.0,0.0,1.0,1.0
www.generation-nt.com,0.0,1.0,0.0,1.0,1.0
www.fredzone.org,0.0,1.0,0.0,1.0,1.0
vert.eco,0.0,1.0,0.0,1.0,1.0
veja.abril.com.br,0.0,1.0,0.0,1.0,1.0
mmajunkie.usatoday.com,0.0,1.0,0.0,1.0,1.0
la1ere.franceinfo.fr,0.0,1.0,0.0,1.0,1.0
fr.hurriyet.com.tr,0.0,1.0,0.0,1.0,1.0
climaxfanzine.fr,0.0,1.0,0.0,1.0,1.0
blog.mondediplo.net,0.0,1.0,0.0,1.0,1.0
www.gamekult.com,0.0,1.0,0.0,1.0,1.0
