,phrase,label,sentiment,subjectivity,language,count
Raphaël Glucksmann,Raphaël Glucksmann,PER,0.043063780921601146,0.15437140052849238,fr,214
Emmanuel Macron,Emmanuel Macron,PER,0.10158014610512596,0.18895763421599437,fr,146
Monique Barbut,Monique Barbut,PER,0.0840062451209992,0.20342538381472808,fr,122
Sébastien Lecornu,Sébastien Lecornu,PER,0.14968580522486774,0.2240498831319144,fr,96
Philippe Brun,Philippe Brun,PER,-0.008542336665684316,0.115579717842193,fr,89
Ségolène Royal,Ségolène Royal,PER,0.09985214644494564,0.14419759772193844,fr,87
Olivier Faure,Olivier Faure,PER,0.09590026768226197,0.18227429140682358,fr,82
Léa Salamé,Léa Salamé,PER,0.06956965174129354,0.17995024875621893,fr,67
François Hollande,François Hollande,PER,0.05579451667030451,0.18235492113512083,fr,56
Vladimir Poutine,Vladimir Poutine,PER,0.06316092934842935,0.12961762543012534,fr,52
Donald Trump,Donald Trump,PER,0.10592214700193424,0.30614142949249334,fr,47
Zohran Mamdani,Zohran Mamdani,PER,0.1185479260692027,0.20917603082496702,fr,47
Dolly Parton,Dolly Parton,PER,0.06835200216450216,0.40026515151515146,fr,44
Daniel Siad,Daniel Siad,PER,0.09129705215419504,0.17871315192743764,fr,42
Christopher Nolan,Christopher Nolan,PER,0.10562037037037036,0.26486334961334973,fr,39
Tom Cruise,Tom Cruise,PER,0.09559672619047617,0.3185846560846559,fr,36
Luc Mélenchon,Luc Mélenchon,PER,0.03588534005676863,0.13345394288251436,fr,35
Natalie Harp,Natalie Harp,PER,0.12590352504638216,0.1928718202432488,fr,35
Marine Tondelier,Marine Tondelier,PER,0.023052276971394597,0.11326537963670319,fr,34
Gabriel Attal,Gabriel Attal,PER,0.072089349718382,0.21330645161290318,fr,31
Jeffrey Epstein,Jeffrey Epstein,PER,0.10800740740740739,0.21087962962962964,fr,30
Jérôme Guedj,Jérôme Guedj,PER,0.012023761423761407,0.14206854256854257,fr,30
Yannick Jadot,Yannick Jadot,PER,0.006916405023547886,0.14526491365777083,fr,28
Charles III,Charles III,PER,0.010019042465471013,0.18758650278293137,fr,28
Édouard Philippe,Édouard Philippe,PER,0.10081807081807079,0.214958028083028,fr,26
Kim Jong,Kim Jong,PER,0.04316050384800385,0.1297229737854738,fr,24
François Bayrou,François Bayrou,PER,0.07639507575757576,0.3370075757575758,fr,20
président de la République,président de la République,PER,0.1157468425966878,0.21287778269202418,fr,19
Jordan Bardella,Jordan Bardella,PER,-0.0020771204104537452,0.08787257495590828,fr,18
Ali Khamenei,Ali Khamenei,PER,0.2886176470588235,0.38830882352941176,fr,17
Le Pen,Le Pen,PER,0.03500797486826898,0.12611457170280702,fr,17
Taylor Swift,Taylor Swift,PER,0.16342436974789915,0.1760504201680672,fr,17
Volodymyr Zelensky,Volodymyr Zelensky,PER,0.07359474206349206,0.3852864583333333,fr,16
Nicolás Maduro,Nicolás Maduro,PER,0.05218276515151514,0.11277225378787879,fr,16
Baptiste Marteau,Baptiste Marteau,PER,0.11772619047619048,0.14261904761904762,fr,14
Graham Platner,Graham Platner,PER,0.04768253968253968,0.19746031746031747,fr,12
Salahdine Parnasse,Salahdine Parnasse,PER,0.045026936026936054,0.2700841750841751,fr,12
prince Harry,prince Harry,PER,0.09937878787878786,0.04803030303030305,fr,11
Conor McGregor,Conor McGregor,PER,-0.1990909090909091,0.33145454545454545,fr,11
Mojtaba Khamenei,Mojtaba Khamenei,PER,0.3063939393939394,0.3771969696969697,fr,11
Edouard Philippe,Edouard Philippe,PER,0.0779116883116883,0.15763636363636363,fr,10
Benyamin Netanyahou,Benyamin Netanyahou,PER,0.19948809523809524,0.14604761904761904,fr,10
Marine Le Pen,Marine Le Pen,PER,0.030524475524475524,0.11556643356643356,fr,10
Marine Le Pen,Marine Le Pen,PER,0.04229281135531136,0.13639804639804637,fr,10
Nicolas Maduro,Nicolas Maduro,PER,0.027951515151515154,0.030484848484848483,fr,10
Fabien Roussel,Fabien Roussel,PER,0.05913580246913581,0.11376543209876543,fr,9
Gérald Darmanin,Gérald Darmanin,PER,0.16879629629629628,0.23425925925925928,fr,9
Éric Ciotti,Éric Ciotti,PER,0.09225308641975309,0.12862654320987657,fr,9
Benjamin Netanyahu,Benjamin Netanyahu,PER,0.07390151515151515,0.19545454545454546,fr,8
princesse Diana,princesse Diana,PER,-0.10257936507936509,0.19533730158730156,fr,8
Emmanuel Maurel,Emmanuel Maurel,PER,0.07060267857142857,0.1271279761904762,fr,8
Yaël Braun,Yaël Braun,PER,0.06891369047619048,0.8265327380952381,fr,8
François Mitterrand,François Mitterrand,PER,0.25453354978354975,0.12089466089466089,fr,8
Charles Spencer,Charles Spencer,PER,-0.13183673469387758,0.20848072562358275,fr,7
François Ruffin,François Ruffin,PER,0.0245,0.20573809523809525,fr,7
David Amiel,David Amiel,PER,0.09694805194805196,0.08174860853432282,fr,7
Kim Jong Un,Kim Jong Un,PER,0.003320707070707069,0.19836910774410774,fr,6
Mark Carney,Mark Carney,PER,0.22978156565656568,0.1381544612794613,fr,6
Lindsey Graham,Lindsey Graham,PER,0.042833333333333314,0.16680555555555557,fr,6
Charlie Kirk,Charlie Kirk,PER,-0.034055555555555554,0.3116111111111111,fr,6
Adolf Hitler,Adolf Hitler,PER,0.02011111111111112,0.16674074074074074,fr,6
Premier ministre,Premier ministre,PER,0.19786111111111113,0.13083333333333333,fr,6
Yvette Roudy,Yvette Roudy,PER,0.25696103896103895,0.07896103896103897,fr,5
Bruno Retailleau,Bruno Retailleau,PER,0.022400000000000003,0.086,fr,5
Gianni Infantino,Gianni Infantino,PER,0.08959999999999999,0.2033333333333333,fr,5
Andy Burnham,Andy Burnham,PER,0.2456666666666667,0.16833333333333333,fr,5
Robert Gilman,Robert Gilman,PER,-0.07361363636363635,0.07875000000000001,fr,5
Umar Kremlev,Umar Kremlev,PER,0.13485714285714287,0.13857142857142857,fr,5
Laurent Nuñez,Laurent Nuñez,PER,-0.06644444444444444,0.2544444444444445,fr,5
Anne Hidalgo,Anne Hidalgo,PER,0.0013333333333333335,0.09,fr,5
Dominique de Villepin,Dominique de Villepin,PER,0.2387,0.21649999999999997,fr,5
Noël Barrot,Noël Barrot,PER,0.0017142857142857155,0.18857142857142856,fr,5
Carole Delga,Carole Delga,PER,0.12378571428571428,0.8948571428571427,fr,5
Laurent Wauquiez,Laurent Wauquiez,PER,0.05702777777777777,0.11513888888888887,fr,5
Mariano Rajoy,Mariano Rajoy,PER,0.06087218045112782,0.10383458646616539,fr,5
président de la,président de la,PER,0.07944444444444446,0.41527777777777775,fr,4
prince William,prince William,PER,0.07150000000000001,0.065,fr,4
Todd Blanche,Todd Blanche,PER,-0.003000000000000001,0.04142857142857143,fr,4
père Hamel,père Hamel,PER,0.2594444444444445,0.30277777777777776,fr,4
Benyamin Nétanyahou,Benyamin Nétanyahou,PER,0.21511904761904763,0.13571428571428573,fr,4
Maud Bregeon,Maud Bregeon,PER,0.22937499999999997,0.2859375,fr,4
Agnès Pannier,Agnès Pannier,PER,0.08006493506493509,0.22337662337662337,fr,4
Léon XIV,Léon XIV,PER,0.22267857142857145,2.7848214285714286,fr,4
Daniel Cohn,Daniel Cohn,PER,0.03671428571428571,0.05892857142857144,fr,4
Boris Vallaud,Boris Vallaud,PER,-0.05266666666666667,0.034583333333333334,fr,4
Elon Musk,Elon Musk,PER,0.04775974025974025,0.18733766233766233,fr,4
Meghan Markle,Meghan Markle,PER,0.16283333333333333,0.13020833333333334,fr,4
François Kalfon,François Kalfon,PER,-0.06857142857142857,0.08571428571428573,fr,4
Lesley Groff,Lesley Groff,PER,0.10666666666666666,0.6166666666666667,fr,4
Paddy Pimblett,Paddy Pimblett,PER,0.093,0.08600000000000001,fr,4
Virginia Giuffre,Virginia Giuffre,PER,0.14592307692307693,0.186,fr,4
Harald V,Harald V,PER,0.11025000000000001,0.12999999999999998,fr,4
Rachida Dati,Rachida Dati,PER,0.03333333333333333,0.06666666666666667,fr,3
Éric Coquerel,Éric Coquerel,PER,0.17499999999999996,0.15000000000000002,fr,3
Dolly Parton Day,Dolly Parton Day,PER,0.27666666666666667,0.17222222222222225,fr,3
Benjamin Haddad,Benjamin Haddad,PER,0.03,0.10000000000000002,fr,3
Alexandria Ocasio,Alexandria Ocasio,PER,0.011388888888888886,0.14722222222222223,fr,3
Elijah Wood,Elijah Wood,PER,-0.043750000000000004,0.5625,fr,3
Anne Hathaway,Anne Hathaway,PER,0.24999999999999997,0.47000000000000003,fr,3
Président de la République,Président de la République,PER,-0.016666666666666666,0.03333333333333333,fr,3
Jake Gyllenhaal,Jake Gyllenhaal,PER,0.07541666666666667,0.31351851851851853,fr,3
Luc Mélench,Luc Mélench,PER,-0.021726190476190482,0.20779761904761906,fr,3
Amelia Dimoldenberg,Amelia Dimoldenberg,PER,0.05625,4.487499999999999,fr,3
Sandrine Rousseau,Sandrine Rousseau,PER,-0.035833333333333335,0.21250000000000002,fr,3
Harry Kane,Harry Kane,PER,0.08666666666666667,0.049999999999999996,fr,3
Louis Borloo,Louis Borloo,PER,0.06933333333333334,1.3133333333333332,fr,3
Laurent Jacobelli,Laurent Jacobelli,PER,-0.20666666666666667,0.21666666666666667,fr,3
Paul Biya,Paul Biya,PER,0.0,0.0,fr,3
Ulrich Siegmund,Ulrich Siegmund,PER,0.016999999999999994,0.4360000000000001,fr,3
Brigitte Macron,Brigitte Macron,PER,0.22916666666666666,0.24055555555555555,fr,3
Pedro Sánchez,Pedro Sánchez,PER,0.06348717948717948,0.12555555555555556,fr,3
Alejandro González Iñárritu,Alejandro González Iñárritu,PER,0.07380952380952381,0.5342857142857143,fr,3
Manuel Bompard,Manuel Bompard,PER,-0.03523809523809524,0.06380952380952382,fr,3
Macky Sall,Macky Sall,PER,0.20632478632478635,0.07008547008547009,fr,3
Dario Amodei,Dario Amodei,PER,0.13999999999999999,0.1611111111111111,fr,3
Agnès Ledig,Agnès Ledig,PER,-0.12500000000000003,0.275,fr,3
Sam Altman,Sam Altman,PER,0.13999999999999999,0.1611111111111111,fr,3
Édouard Balladur,Édouard Balladur,PER,0.154,0.09000000000000001,fr,3
Caroline Roux,Caroline Roux,PER,0.10000000000000002,0.08333333333333333,fr,3
Sandra Bullock,Sandra Bullock,PER,0.168,0.10000000000000002,fr,3
Jimmy Kimmel,Jimmy Kimmel,PER,0.028214285714285723,0.15714285714285714,fr,3
John Cornyn,John Cornyn,PER,-0.005818181818181819,0.14181818181818182,fr,3
Marco Rubio,Marco Rubio,PER,0.03833333333333333,0.06666666666666667,fr,3
Kristen Holmes,Kristen Holmes,PER,0.25666666666666665,0.18666666666666668,fr,3
Xi Jinping,Xi Jinping,PER,0.09599999999999999,0.20333333333333337,fr,3
Abdul El,Abdul El,PER,0.12000000000000004,0.275,fr,3
Jimmy Fallon,Jimmy Fallon,PER,0.08866666666666666,0.18095238095238095,fr,3
BREFRaphaël Glucksmann,BREFRaphaël Glucksmann,PER,-0.055499999999999994,0.25,fr,2
Mme Valerie Hillings,Mme Valerie Hillings,PER,0.24285714285714288,0.08571428571428573,fr,2
Ethan Hunt,Ethan Hunt,PER,-0.13777777777777778,0.4555555555555555,fr,2
Naïm Kassem,Naïm Kassem,PER,0.1685714285714286,0.2714285714285714,fr,2
Tom Holland,Tom Holland,PER,0.0375,0.225,fr,2
Ellen Allien,Ellen Allien,PER,0.3666666666666667,0.4666666666666666,fr,2
Friedrich Merz,Friedrich Merz,PER,0.08653846153846154,0.17596153846153847,fr,2
Chris Hemsworth,Chris Hemsworth,PER,0.13,0.18333333333333335,fr,2
Le Porge,Le Porge,PER,0.18333333333333332,0.41666666666666674,fr,2
Matthew Rhys,Matthew Rhys,PER,0.16625,0.425,fr,2
Patrick Pimblett,Patrick Pimblett,PER,0.186,0.17200000000000001,fr,2
Rebeca Grynspan,Rebeca Grynspan,PER,0.3466666666666667,0.13333333333333333,fr,2
Ismaël Emelien,Ismaël Emelien,PER,0.22666666666666668,0.35833333333333334,fr,2
Cédric Doumbè,Cédric Doumbè,PER,-0.038888888888888896,0.2222222222222222,fr,2
Lamia El Aaraje,Lamia El Aaraje,PER,0.095,0.19,fr,2
Afida Turner,Afida Turner,PER,0.15750000000000003,0.0875,fr,2
Ryan Reynolds,Ryan Reynolds,PER,0.36,0.31250000000000006,fr,2
Christophe Cambadélis,Christophe Cambadélis,PER,-0.04647727272727272,0.04318181818181818,fr,2
Jon Ossoff,Jon Ossoff,PER,0.109,0.21600000000000003,fr,2
Jack White,Jack White,PER,0.26666666666666666,0.3208333333333333,fr,2
Michel Dejeneffe,Michel Dejeneffe,PER,0.16666666666666666,0.03333333333333333,fr,2
Benjamin Netanyahou,Benjamin Netanyahou,PER,0.115,0.15625,fr,2
Pierre Niney,Pierre Niney,PER,0.035555555555555556,0.39444444444444443,fr,2
Louis Sudres,Louis Sudres,PER,0.035555555555555556,0.39444444444444443,fr,2
Justin Bieber,Justin Bieber,PER,0.019090909090909092,0.20909090909090908,fr,2
Marshall Ganz,Marshall Ganz,PER,0.126,0.2,fr,2
Joey Starr,Joey Starr,PER,0.21,0.16999999999999998,fr,2
Alejándro González Iñárritu,Alejándro González Iñárritu,PER,0.0557142857142857,0.2857142857142857,fr,2
Ariana Grande,Ariana Grande,PER,0.15,0.1,fr,2
Diego Moreira,Diego Moreira,PER,-0.11000000000000001,0.26000000000000006,fr,2
Kryvyï Rig,Kryvyï Rig,PER,0.07555555555555557,0.10555555555555556,fr,2
duchesse de Sussex,duchesse de Sussex,PER,0.142,0.15,fr,2
Kim Yo Jong,Kim Yo Jong,PER,-0.025000000000000005,0.09999999999999999,fr,2
Kara Walker,Kara Walker,PER,0.06142857142857142,0.12857142857142856,fr,2
Daniel Craig,Daniel Craig,PER,0.24196428571428572,0.35523809523809524,fr,2
Colleen Hoover,Colleen Hoover,PER,0.25799999999999995,0.49000000000000005,fr,2
Nicolas Mathieu,Nicolas Mathieu,PER,0.029999999999999995,0.12857142857142856,fr,2
Matt Damon,Matt Damon,PER,-0.042991071428571434,0.16232142857142856,fr,2
Stephen Colbert,Stephen Colbert,PER,-0.023749999999999997,0.34375,fr,2
Delphine Batho,Delphine Batho,PER,0.005,0.25,fr,2
Charles III ,Charles III ,PER,0.17125,0.1275,fr,2
Mark Rutte,Mark Rutte,PER,0.042499999999999996,0.07500000000000001,fr,2
Katy Perry,Katy Perry,PER,0.24079545454545453,0.2545454545454545,fr,2
Justin Trudeau,Justin Trudeau,PER,0.46249999999999997,0.3,fr,2
Fabien Verdier,Fabien Verdier,PER,0.020000000000000004,0.085,fr,2
Harald V de Norvège,Harald V de Norvège,PER,0.12050000000000001,0.15999999999999998,fr,2
Manon Relandeau,Manon Relandeau,PER,0.145,0.16875,fr,2
Michelle Monaghan,Michelle Monaghan,PER,0.23333333333333336,0.6166666666666667,fr,2
Dakota Johnson,Dakota Johnson,PER,0.22542857142857142,0.395,fr,2
Dan Hooker,Dan Hooker,PER,0.09777777777777777,0.17388888888888887,fr,2
Ghislaine Maxwell,Ghislaine Maxwell,PER,0.13833333333333334,0.3,fr,2
Diogo Jota,Diogo Jota,PER,0.186,0.17200000000000001,fr,2
prince Andrew,prince Andrew,PER,0.17384615384615387,0.2,fr,2
Jensen Huang,Jensen Huang,PER,0.06583333333333331,0.16666666666666666,fr,2
Philippe B,Philippe B,PER,0.06067647058823529,0.13588235294117645,fr,2
Affaire Epstein,Affaire Epstein,PER,0.16833333333333333,0.11500000000000002,fr,2
Ebba Karlsson,Ebba Karlsson,PER,-0.152,0.6599999999999999,fr,2
Michel Taube,Michel Taube,PER,0.03549999999999999,0.31499999999999995,fr,2
Nicolas Hulot,Nicolas Hulot,PER,-0.03133333333333334,0.13333333333333333,fr,2
Cyrielle Chatelain,Cyrielle Chatelain,PER,0.5,0.2,fr,2
Kevin Hart,Kevin Hart,PER,0.21875000000000003,0.2625,fr,2
Laurent Delahousse,Laurent Delahousse,PER,0.17250000000000001,0.15000000000000002,fr,2
Karim Bouamrane,Karim Bouamrane,PER,0.002619047619047617,0.09107142857142857,fr,2
Annie Genevard,Annie Genevard,PER,0.22,0.2,fr,2
Andy Serkis,Andy Serkis,PER,0.17333333333333334,4.038888888888888,fr,2
Petra Prochazkova,Petra Prochazkova,PER,-0.091,0.14,fr,2
Boris Akounine,Boris Akounine,PER,-0.091,0.14,fr,2
Emmanuelle Andreani,Emmanuelle Andreani,PER,0.03833333333333334,0.375,fr,2
Lady Di,Lady Di,PER,-0.113,0.22,fr,2
Aurélie Casse,Aurélie Casse,PER,0.16,0.25,fr,2
Ségolène Royal ,Ségolène Royal ,PER,0.176,0.15333333333333332,fr,2
Jacknife Lee,Jacknife Lee,PER,0.19395833333333334,0.25625,fr,2
Warren Buffett,Warren Buffett,PER,0.13999999999999999,0.125,fr,2
Benoît Saint Denis,Benoît Saint Denis,PER,0.0004999999999999866,0.19225000000000003,fr,2
Max Holloway,Max Holloway,PER,-0.339,0.546875,fr,2
Benoit Saint Denis at UFC 329,Benoit Saint Denis at UFC 329,PER,0.0,0.0,fr,2
Benoit Saint,Benoit Saint,PER,0.03363636363636364,0.08636363636363636,fr,2
Mme Barbut,Mme Barbut,PER,-0.20666666666666667,0.21666666666666667,fr,2
Robert Pattinson,Robert Pattinson,PER,0.0375,0.225,fr,2
John Malkovich,John Malkovich,PER,0.14799999999999996,0.18,fr,2
Donald Trump Jr,Donald Trump Jr,PER,0.16,0.2,fr,2
Clémentine Autain,Clémentine Autain,PER,-0.085,0.0625,fr,2
Jacques Hamel,Jacques Hamel,PER,0.375,0.275,fr,2
Richard Kelly,Richard Kelly,PER,0.030000000000000002,0.25777777777777783,fr,2
BREFEmmanuel Macron,BREFEmmanuel Macron,PER,0.15714285714285717,0.2642857142857143,fr,2
Félix Tshisekedi,Félix Tshisekedi,PER,0.028000000000000014,0.242,fr,2
Delcy Rodríguez,Delcy Rodríguez,PER,-0.038409090909090914,0.14147727272727273,fr,2
Kemal Kiliçdaroglu,Kemal Kiliçdaroglu,PER,-0.042222222222222223,0.09999999999999999,fr,2
Amazon MGM,Amazon MGM,PER,0.25799999999999995,0.49000000000000005,fr,1
Darius Rochebin,Darius Rochebin,PER,0.1375,0.175,fr,1
Bill Lee,Bill Lee,PER,0.14,0.06666666666666667,fr,1
JD Vance,JD Vance,PER,-0.011666666666666667,0.17500000000000002,fr,1
Édouard Philippe distance légèrement Jean,Édouard Philippe distance légèrement Jean,PER,0.06,0.25000000000000006,fr,1
quannonce Page Six ,quannonce Page Six ,PER,-0.0037499999999999895,0.125,fr,1
Philippe Brun sexprime,Philippe Brun sexprime,PER,-0.11,0.16666666666666666,fr,1
Jérome Guedj,Jérome Guedj,PER,-0.052000000000000005,0.2,fr,1
Galerie Nathalie Obadia,Galerie Nathalie Obadia,PER,-0.012222222222222218,0.19444444444444445,fr,1
Guillaume Duval,Guillaume Duval,PER,0.045714285714285714,0.05714285714285715,fr,1
Lattente naura,Lattente naura,PER,0.0975,0.19375,fr,1
linformation de France,linformation de France,PER,0.10000000000000002,0.08333333333333333,fr,1
Michel Blanquer,Michel Blanquer,PER,0.1375,0.175,fr,1
Philippe Bouvard,Philippe Bouvard,PER,0.16666666666666666,0.03333333333333333,fr,1
Yann Barthès,Yann Barthès,PER,0.15,0.2,fr,1
lespace social-démocr,lespace social-démocr,PER,0.185,0.3,fr,1
Corinne Lepage,Corinne Lepage,PER,-0.0275,0.05,fr,1
Adam Scott,Adam Scott,PER,0.23333333333333336,0.6166666666666667,fr,1
Midi Libre,Midi Libre,PER,0.11222222222222222,0.1777777777777778,fr,1
Colin Farrell,Colin Farrell,PER,0.19285714285714287,0.3,fr,1
Noël Godin,Noël Godin,PER,0.16666666666666666,0.03333333333333333,fr,1
Accor Arena de Paris,Accor Arena de Paris,PER,-0.038888888888888896,0.2222222222222222,fr,1
Marion Maréchal,Marion Maréchal,PER,-0.0275,0.05,fr,1
Mihail Ivanov,Mihail Ivanov,PER,0.0,0.2,fr,1
Gavin Newsom,Gavin Newsom,PER,0.36,0.15000000000000002,fr,1
Bezalel Smotrich,Bezalel Smotrich,PER,0.13666666666666666,0.075,fr,1
John Goodman,John Goodman,PER,-0.265,0.6,fr,1
Raphaël Gluc,Raphaël Gluc,PER,0.20000000000000004,0.10000000000000002,fr,1
Gaza quen Cisjordanie,Gaza quen Cisjordanie,PER,0.045714285714285714,0.05714285714285715,fr,1
dassurer lhéritage,dassurer lhéritage,PER,-0.5,0.5,fr,1
Zohran Mamdani ,Zohran Mamdani ,PER,0.01571428571428572,0.1357142857142857,fr,1
lélection présidentiell,lélection présidentiell,PER,0.095,0.19,fr,1
Édouard Philippe étrille,Édouard Philippe étrille,PER,0.19285714285714287,0.2642857142857143,fr,1
linsoumis Eric Coquerel,linsoumis Eric Coquerel,PER,0.051000000000000004,0.15499999999999997,fr,1
dAlejandro González Iñárritu,dAlejandro González Iñárritu,PER,-0.265,0.6,fr,1
François H,François H,PER,0.04375,0.028749999999999998,fr,1
Raphaël Glucksmann”,Raphaël Glucksmann”,PER,0.15899999999999997,0.08,fr,1
Haakon de Norvège,Haakon de Norvège,PER,0.20600000000000002,0.31999999999999995,fr,1
Léa S,Léa S,PER,0.11375,0.20833333333333334,fr,1
Lac Ontario,Lac Ontario,PER,0.0825,2.3,fr,1
Harald de Norvège,Harald de Norvège,PER,0.1,0.1,fr,1
George Washington,George Washington,PER,0.246,0.365,fr,1
Romuald Sc,Romuald Sc,PER,0.32,0.4,fr,1
Riz Ahmed,Riz Ahmed,PER,-0.265,0.6,fr,1
Mme Royal,Mme Royal,PER,0.04583333333333334,0.15833333333333333,fr,1
Sandra Hüller,Sandra Hüller,PER,-0.265,0.6,fr,1
Abraham Lincoln,Abraham Lincoln,PER,0.246,0.365,fr,1
Raphaël Glucksman,Raphaël Glucksman,PER,0.08800000000000001,0.1,fr,1
Robert de Niro,Robert de Niro,PER,0.23333333333333336,0.6166666666666667,fr,1
Patrick Mennucci,Patrick Mennucci,PER,0.1366666666666667,0.06666666666666667,fr,1
banane de Ciotti,banane de Ciotti,PER,0.07899999999999999,0.165,fr,1
Andrew Cuomo,Andrew Cuomo,PER,0.05500000000000001,0.17500000000000004,fr,1
Ségolène Royal ny,Ségolène Royal ny,PER,0.1583333333333333,0.20000000000000004,fr,1
Quelle Époque ,Quelle Époque ,PER,0.25,0.26666666666666666,fr,1
Paul de Saint Sernin,Paul de Saint Sernin,PER,0.25,0.26666666666666666,fr,1
Jimmy Kimmel Live ,Jimmy Kimmel Live ,PER,-0.0037499999999999895,0.125,fr,1
Léa Salamé ,Léa Salamé ,PER,0.5,0.2,fr,1
Edouard Balladur,Edouard Balladur,PER,0.2277777777777778,0.17777777777777776,fr,1
Luc Mélenchon na,Luc Mélenchon na,PER,-0.082,0.18,fr,1
lempêcher dy,lempêcher dy,PER,-0.082,0.18,fr,1
Edith Bowman,Edith Bowman,PER,0.1242857142857143,0.23571428571428574,fr,1
lAjax Amsterdam,lAjax Amsterdam,PER,-0.355,0.575,fr,1
Accor Arena,Accor Arena,PER,0.23444444444444443,0.12555555555555556,fr,1
Michelle Obama,Michelle Obama,PER,0.0,0.2,fr,1
Céline Dion,Céline Dion,PER,0.0,0.2,fr,1
Cyril Féraud,Cyril Féraud,PER,0.0,0.2,fr,1
Ursula von der Leyen,Ursula von der Leyen,PER,0.21428571428571427,0.2357142857142857,fr,1
William et Harry,William et Harry,PER,-0.27999999999999997,0.33999999999999997,fr,1
Zélandais Dan Hooker,Zélandais Dan Hooker,PER,0.23444444444444443,0.12555555555555556,fr,1
lélection prési,lélection prési,PER,-0.07142857142857142,0.07142857142857142,fr,1
Dan Hook,Dan Hook,PER,0.219,0.24000000000000005,fr,1
Etats américains,Etats américains,PER,0.23500000000000001,0.18333333333333335,fr,1
Salahdine Parnasse ,Salahdine Parnasse ,PER,0.219,0.24000000000000005,fr,1
Philippe Br,Philippe Br,PER,0.09275,0.18,fr,1
Ajax Amsterdam,Ajax Amsterdam,PER,-0.355,0.575,fr,1
Benoît Hamon,Benoît Hamon,PER,0.10625,0.125,fr,1
Fortnite Bienvenue,Fortnite Bienvenue,PER,-0.01399999999999999,0.14,fr,1
Axel Sola,Axel Sola,PER,0.06727272727272728,0.17272727272727273,fr,1
Ciryl Gane,Ciryl Gane,PER,0.06727272727272728,0.17272727272727273,fr,1
Nassourdine Imavov lan,Nassourdine Imavov lan,PER,0.06727272727272728,0.17272727272727273,fr,1
Olivier Faure ,Olivier Faure ,PER,0.20955555555555555,0.1888888888888889,fr,1
Emmanuel Maurel ,Emmanuel Maurel ,PER,-0.001428571428571426,0.12857142857142856,fr,1
Harry et Meghan,Harry et Meghan,PER,0.085,0.025,fr,1
Bettina Anderson,Bettina Anderson,PER,0.1942857142857143,0.09285714285714285,fr,1
"Raphaël Glucksmann""Non","Raphaël Glucksmann""Non",PER,0.064,0.06000000000000001,fr,1
Van Bommel,Van Bommel,PER,-0.355,0.575,fr,1
Tom Hiddleston,Tom Hiddleston,PER,0.13,0.18333333333333335,fr,1
Thomas Pesquet,Thomas Pesquet,PER,0.0,0.2,fr,1
Édouard Phi,Édouard Phi,PER,0.0,0.0,fr,1
Aya Nakamura,Aya Nakamura,PER,0.0,0.2,fr,1
princesse de Galles,princesse de Galles,PER,-0.14111111111111113,0.19444444444444445,fr,1
Amadeo Fusca,Amadeo Fusca,PER,0.138,0.38,fr,1
lélection présidentie,lélection présidentie,PER,-0.010000000000000004,0.030000000000000006,fr,1
ALAIN JOCARD,ALAIN JOCARD,PER,0.07222222222222222,0.15555555555555559,fr,1
Elon Musk ,Elon Musk ,PER,0.11,0.15,fr,1
Kate Middleton,Kate Middleton,PER,0.0,0.0,fr,1
Buckingham Palace,Buckingham Palace,PER,-0.062,0.2,fr,1
Paul Natkin,Paul Natkin,PER,0.1925,0.35000000000000003,fr,1
Bruno Le Maire,Bruno Le Maire,PER,0.26,0.10000000000000002,fr,1
Rudy Giuliani,Rudy Giuliani,PER,0.060000000000000005,0.03333333333333333,fr,1
Getty Images,Getty Images,PER,0.1925,0.35000000000000003,fr,1
Sébastien Lecornu sengage,Sébastien Lecornu sengage,PER,0.308,0.22000000000000003,fr,1
François Holland,François Holland,PER,0.04470588235294118,0.19705882352941176,fr,1
Jacques Ittah,Jacques Ittah,PER,0.14142857142857143,0.15000000000000005,fr,1
Jadot des Écologistes,Jadot des Écologistes,PER,-0.02875,0.26875000000000004,fr,1
Brian Eno,Brian Eno,PER,0.32666666666666666,0.3,fr,1
Jacques Chirac,Jacques Chirac,PER,0.275,0.35,fr,1
Edouard Stérin,Edouard Stérin,PER,-0.1325,0.25,fr,1
Muriel Robin,Muriel Robin,PER,0.0,0.2,fr,1
Martin Garri,Martin Garri,PER,0.32666666666666666,0.3,fr,1
François Damiens,François Damiens,PER,0.0,0.2,fr,1
Olivier Fau,Olivier Fau,PER,0.0,0.030000000000000006,fr,1
Michel Drucker,Michel Drucker,PER,0.0,0.2,fr,1
Hélène Ségara,Hélène Ségara,PER,0.0,0.2,fr,1
Peter Bosz,Peter Bosz,PER,-0.355,0.575,fr,1
Benyamin Netanyaho,Benyamin Netanyaho,PER,0.5,0.2,fr,1
dOise Emmanuel Maurel,dOise Emmanuel Maurel,PER,-0.01142857142857143,0.09285714285714286,fr,1
laéroport Dolly Parton,laéroport Dolly Parton,PER,0.1175,0.16875,fr,1
François Bayro,François Bayro,PER,-0.14916666666666667,0.3208333333333333,fr,1
Rosemary Overell,Rosemary Overell,PER,0.004285714285714283,0.2642857142857143,fr,1
Sheldon Cooper,Sheldon Cooper,PER,0.1575,0.575,fr,1
Emmanuel Macron na,Emmanuel Macron na,PER,0.3,0.26,fr,1
lopération Walkyrie,lopération Walkyrie,PER,-0.09,0.03600000000000001,fr,1
durgence agrico,durgence agrico,PER,0.0,0.3,fr,1
Arnaud Bouissou_Terra,Arnaud Bouissou_Terra,PER,0.21599999999999997,0.27999999999999997,fr,1
Brian O’,Brian O’,PER,-0.10142857142857144,0.21428571428571427,fr,1
Oukraïnska Pravda,Oukraïnska Pravda,PER,0.2175,0.1625,fr,1
Braunau am Inn,Braunau am Inn,PER,-0.09666666666666665,0.27222222222222225,fr,1
Alexis Deswaef,Alexis Deswaef,PER,0.21666666666666667,0.2333333333333333,fr,1
Luc Brunel,Luc Brunel,PER,0.17384615384615387,0.2,fr,1
lombre dun,lombre dun,PER,-0.022,0.22000000000000003,fr,1
Thomas Tuchel,Thomas Tuchel,PER,0.12,0.15,fr,1
Volodymyr Zel,Volodymyr Zel,PER,0.21,0.3333333333333333,fr,1
Marine Tondelier ,Marine Tondelier ,PER,0.05444444444444444,0.2222222222222222,fr,1
Abu Dhabi,Abu Dhabi,PER,0.14636363636363636,0.2636363636363636,fr,1
Édith Cresson,Édith Cresson,PER,0.2255555555555556,0.14444444444444446,fr,1
Gérard Larcher,Gérard Larcher,PER,0.04142857142857145,0.14285714285714285,fr,1
Oleksandr Syrsky,Oleksandr Syrsky,PER,0.22250000000000003,0.21874999999999997,fr,1
Stuart Fails to Save the Universe,Stuart Fails to Save the Universe,PER,0.1575,0.575,fr,1
Pierre Chevènement,Pierre Chevènement,PER,0.045,0.225,fr,1
Sophia Chikirou,Sophia Chikirou,PER,0.10222222222222223,0.05555555555555555,fr,1
Alvin Hellerstein,Alvin Hellerstein,PER,0.02,0.06000000000000001,fr,1
Monique Ba,Monique Ba,PER,0.05,0.35,fr,1
Birigtte Macron,Birigtte Macron,PER,0.245,0.15000000000000002,fr,1
Candace Owens,Candace Owens,PER,0.245,0.15000000000000002,fr,1
Brigitte Macron ,Brigitte Macron ,PER,0.245,0.15000000000000002,fr,1
Joachim Moyse,Joachim Moyse,PER,0.03777777777777778,0.3111111111111111,fr,1
Sdis de Gironde,Sdis de Gironde,PER,0.1142857142857143,0.32142857142857145,fr,1
Daniel Siad ,Daniel Siad ,PER,0.0425,0.05,fr,1
Nolan samuse av,Nolan samuse av,PER,0.26125000000000004,0.30500000000000005,fr,1
Ekaterina Schulmann,Ekaterina Schulmann,PER,0.09612500000000002,0.23875000000000002,fr,1
Sébastien Lecornu sintensifient,Sébastien Lecornu sintensifient,PER,0.08333333333333333,0.13333333333333333,fr,1
Laurent Duplomb,Laurent Duplomb,PER,0.13333333333333333,0.2333333333333333,fr,1
Macron Monique Barbut,Macron Monique Barbut,PER,0.06999999999999999,0.13999999999999999,fr,1
Arnaud Gossement,Arnaud Gossement,PER,0.06999999999999999,0.13999999999999999,fr,1
Jeffrey Eptein,Jeffrey Eptein,PER,0.15666666666666668,0.15000000000000002,fr,1
Laure Beccuau,Laure Beccuau,PER,0.15666666666666668,0.15000000000000002,fr,1
Jared Kushner,Jared Kushner,PER,-0.010000000000000002,0.1,fr,1
Steve Witkoff,Steve Witkoff,PER,-0.010000000000000002,0.1,fr,1
Mykhaïlo Fedorov,Mykhaïlo Fedorov,PER,0.22250000000000003,0.21874999999999997,fr,1
David Am,David Am,PER,0.0,0.0,fr,1
Jomart Tokaïev,Jomart Tokaïev,PER,0.08,0.1142857142857143,fr,1
Lionel Messi,Lionel Messi,PER,-0.003333333333333332,0.075,fr,1
Nathalie Arthaud,Nathalie Arthaud,PER,0.19749999999999998,0.12499999999999999,fr,1
layatollah Mojtaba Khamenei,layatollah Mojtaba Khamenei,PER,0.505,0.5499999999999999,fr,1
laire métropoli,laire métropoli,PER,0.07,0.0,fr,1
lancien guide,lancien guide,PER,0.2833333333333334,0.4166666666666667,fr,1
Pierre Moscovici,Pierre Moscovici,PER,-0.06545454545454545,0.03636363636363636,fr,1
Sebastian Stan,Sebastian Stan,PER,0.03333333333333333,0.26666666666666666,fr,1
Ali Khameneia,Ali Khameneia,PER,0.6,0.6999999999999998,fr,1
Bill Gates,Bill Gates,PER,0.1,0.75,fr,1
Jack White sintit,Jack White sintit,PER,0.16666666666666666,0.17499999999999996,fr,1
Edmond de Rothschild,Edmond de Rothschild,PER,0.1025,0.14375000000000002,fr,1
Lenseignant Marshall Ganz,Lenseignant Marshall Ganz,PER,0.126,0.2,fr,1
Barack Obama,Barack Obama,PER,0.126,0.2,fr,1
Jenny Racicot,Jenny Racicot,PER,0.09499999999999999,0.2,fr,1
Luc Rouban,Luc Rouban,PER,0.008999999999999998,0.030000000000000006,fr,1
Recep Tayyip Erdogan,Recep Tayyip Erdogan,PER,0.1542857142857143,0.24285714285714285,fr,1
dAndrew Mountbatten,dAndrew Mountbatten,PER,0.118,0.17200000000000001,fr,1
Chris Murphy,Chris Murphy,PER,0.0,0.0,fr,1
Unis Ro Khanna,Unis Ro Khanna,PER,0.01,0.10833333333333334,fr,1
Breel Embolo,Breel Embolo,PER,-0.003333333333333332,0.075,fr,1
Melinda Gates,Melinda Gates,PER,0.13999999999999999,0.125,fr,1
Leandro Paredes,Leandro Paredes,PER,-0.003333333333333332,0.075,fr,1
Emmanuel Macron ,Emmanuel Macron ,PER,0.04833333333333336,0.18333333333333335,fr,1
Olivier Falorni,Olivier Falorni,PER,0.012727272727272731,0.15,fr,1
Mohamed Laho,Mohamed Laho,PER,0.02599999999999999,0.13999999999999999,fr,1
Luc M,Luc M,PER,0.03,0.26,fr,1
linsoumis Jean,linsoumis Jean,PER,0.03,0.26,fr,1
Canadair vire,Canadair vire,PER,0.03,0.26,fr,1
Luc Mélenchon ,Luc Mélenchon ,PER,0.38749999999999996,0.15000000000000002,fr,1
LFI Manuel Bompard,LFI Manuel Bompard,PER,0.08,0.02,fr,1
Laffaire Epstein,Laffaire Epstein,PER,0.1925,0.2,fr,1
Saint Denis,Saint Denis,PER,0.0,0.0,fr,1
Marianne Vanrusselt,Marianne Vanrusselt,PER,0.46,0.3875,fr,1
Damien Kinet,Damien Kinet,PER,0.46,0.3875,fr,1
Emma Kenda,Emma Kenda,PER,0.46,0.3875,fr,1
Rafael Grossi,Rafael Grossi,PER,0.46,0.3875,fr,1
Bruno R,Bruno R,PER,-0.10428571428571429,0.1285714285714286,fr,1
Anthony Mansuy,Anthony Mansuy,PER,0.03833333333333334,0.375,fr,1
Bernard Cazeneuve,Bernard Cazeneuve,PER,-0.003333333333333332,0.075,fr,1
président de la république,président de la république,PER,0.037500000000000006,0.275,fr,1
Pierre Farandou,Pierre Farandou,PER,0.17636363636363636,0.18181818181818185,fr,1
Darline Graham,Darline Graham,PER,-0.0024999999999999953,0.15375,fr,1
Rosie ODonnell,Rosie ODonnell,PER,0.09214285714285715,0.22142857142857145,fr,1
Susie Wiles,Susie Wiles,PER,0.2516666666666667,0.15833333333333335,fr,1
Kristi Noem,Kristi Noem,PER,-0.04875,0.3,fr,1
Emmanuel Macronconstatent,Emmanuel Macronconstatent,PER,-0.042499999999999996,0.15,fr,1
Mark Kelly,Mark Kelly,PER,0.0,0.0,fr,1
Courtoisie Sikkema Malloy Jenkins,Courtoisie Sikkema Malloy Jenkins,PER,0.06142857142857142,0.12857142857142856,fr,1
María Corina Machado,María Corina Machado,PER,-0.060000000000000005,0.15000000000000002,fr,1
Dmitri Medvedev,Dmitri Medvedev,PER,0.15888888888888889,0.07777777777777778,fr,1
Greta Gerwig,Greta Gerwig,PER,0.12375,0.27499999999999997,fr,1
Margot Robbie,Margot Robbie,PER,0.12375,0.27499999999999997,fr,1
Jack Lowden,Jack Lowden,PER,0.3539285714285714,0.5271428571428571,fr,1
James Bond,James Bond,PER,0.3539285714285714,0.5271428571428571,fr,1
James Bond ,James Bond ,PER,0.3539285714285714,0.5271428571428571,fr,1
Carlos Ghosn,Carlos Ghosn,PER,0.09333333333333334,0.19166666666666665,fr,1
Jerome Guedj,Jerome Guedj,PER,0.008571428571428567,0.10714285714285714,fr,1
Lancien Premier,Lancien Premier,PER,0.13090909090909092,0.0909090909090909,fr,1
lancien Premier,lancien Premier,PER,0.127,0.12,fr,1
Julie Gayet,Julie Gayet,PER,0.13999999999999999,0.16666666666666666,fr,1
Rosie O’,Rosie O’,PER,0.09214285714285715,0.22142857142857145,fr,1
Natalie »,Natalie »,PER,0.05666666666666667,0.03333333333333333,fr,1
Arthur Dove,Arthur Dove,PER,0.2,0.3125,fr,1
GEORGES BENDR,GEORGES BENDR,PER,0.18636363636363634,0.03636363636363637,fr,1
Jeff Bezos,Jeff Bezos,PER,0.15999999999999998,0.24285714285714288,fr,1
André Glucksmann,André Glucksmann,PER,0.05444444444444443,0.25,fr,1
lécologiste Yannick Jadot,lécologiste Yannick Jadot,PER,-0.032,0.08,fr,1
Donald TrumpUne,Donald TrumpUne,PER,0.18166666666666667,0.2833333333333334,fr,1
lélection suprême,lélection suprême,PER,-0.012857142857142853,0.2857142857142857,fr,1
Raphaël GlucksmannDéontologiquement,Raphaël GlucksmannDéontologiquement,PER,0.18166666666666667,0.18333333333333332,fr,1
Baptiste M,Baptiste M,PER,0.04000000000000001,-0.15,fr,1
James Cameron,James Cameron,PER,-0.09500000000000001,0.10999999999999999,fr,1
"stressée""Léa Salamé","stressée""Léa Salamé",PER,0.33499999999999996,0.3125,fr,1
"enthousiasme""Raphaël Glucksmann","enthousiasme""Raphaël Glucksmann",PER,0.03333333333333333,0.06666666666666667,fr,1
mars Jean,mars Jean,PER,-0.044,0.12,fr,1
INFO BFMTV,INFO BFMTV,PER,0.13166666666666668,0.09583333333333333,fr,1
de Gaulle,de Gaulle,PER,0.13,0.125,fr,1
Donald Trum,Donald Trum,PER,0.101,0.10500000000000001,fr,1
François Patriat,François Patriat,PER,0.5,0.2,fr,1
Hugo sy,Hugo sy,PER,-0.39999999999999997,0.375,fr,1
Sabrina Carpenter,Sabrina Carpenter,PER,0.15,0.1,fr,1
Lancienne ministre de lÉcologie,Lancienne ministre de lÉcologie,PER,0.005,0.25,fr,1
— Pigasse,— Pigasse,PER,0.2,0.3125,fr,1
Bart De Wever,Bart De Wever,PER,0.3,0.13333333333333333,fr,1
Maria Corina Machado,Maria Corina Machado,PER,0.06666666666666667,0.08333333333333333,fr,1
Kyriakos Mitsotakis,Kyriakos Mitsotakis,PER,-0.32857142857142857,0.5571428571428572,fr,1
Loire Océan,Loire Océan,PER,0.02888888888888889,0.23888888888888887,fr,1
Atelier Blam,Atelier Blam,PER,0.02888888888888889,0.23888888888888887,fr,1
Sébastien Lecorn,Sébastien Lecorn,PER,0.24125000000000002,0.43125,fr,1
Sophie Brocas,Sophie Brocas,PER,0.24125000000000002,0.43125,fr,1
Carolyn Rodrigues,Carolyn Rodrigues,PER,0.3466666666666667,0.13333333333333333,fr,1
sil lenvoyait,sil lenvoyait,PER,0.03833333333333333,0.06666666666666667,fr,1
Thom Tillis,Thom Tillis,PER,-0.072,0.08,fr,1
Ken Paxton,Ken Paxton,PER,-0.072,0.08,fr,1
Lindsey Graham  ,Lindsey Graham  ,PER,0.09999999999999999,0.16666666666666666,fr,1
Amy Badura,Amy Badura,PER,0.12200000000000003,0.23500000000000001,fr,1
Alinea Analytics,Alinea Analytics,PER,0.21888888888888886,0.3166666666666667,fr,1
Antonio Guterres,Antonio Guterres,PER,0.08,0.07,fr,1
Xenia F,Xenia F,PER,-0.019999999999999997,0.08888888888888888,fr,1
Vincent Bolloré,Vincent Bolloré,PER,-0.019999999999999997,0.08888888888888888,fr,1
Xenia Federova,Xenia Federova,PER,-0.019999999999999997,0.08888888888888888,fr,1
Rob Beenders,Rob Beenders,PER,0.3,0.13333333333333333,fr,1
Matthew Rhys ,Matthew Rhys ,PER,0.16625,0.425,fr,1
Nicolas Maduro « ,Nicolas Maduro « ,PER,-0.009999999999999998,0.1,fr,1
Mathieu Pigasse,Mathieu Pigasse,PER,0.2,0.3125,fr,1
Aleksander Ceferin,Aleksander Ceferin,PER,0.09999999999999999,0.06666666666666667,fr,1
Indiana Jones,Indiana Jones,PER,0.21166666666666664,0.25,fr,1
lundi Notre,lundi Notre,PER,0.16249999999999998,0.3625,fr,1
Manon Relandeau ,Manon Relandeau ,PER,0.145,0.16875,fr,1
Delcy Rodriguez,Delcy Rodriguez,PER,-0.13333333333333333,0.20000000000000004,fr,1
Valéry Guérass,Valéry Guérass,PER,-0.06000000000000001,0.155,fr,1
Kremlin Izvestia,Kremlin Izvestia,PER,-0.003333333333333333,0.07777777777777778,fr,1
Marc Vermeulen,Marc Vermeulen,PER,0.19999999999999998,0.4000000000000001,fr,1
lélite mondiale,lélite mondiale,PER,0.12285714285714285,0.2357142857142857,fr,1
Pavel Durov,Pavel Durov,PER,0.12285714285714285,0.2357142857142857,fr,1
Bernie Sanders,Bernie Sanders,PER,0.12000000000000002,0.275,fr,1
mercredi ladmin,mercredi ladmin,PER,0.25,0.1,fr,1
lordre dévacuer,lordre dévacuer,PER,0.25,0.1,fr,1
Fébus »,Fébus »,PER,0.175,0.125,fr,1
Guggenheim Abu Dhabi,Guggenheim Abu Dhabi,PER,0.24285714285714288,0.08571428571428573,fr,1
Edwy Plenel,Edwy Plenel,PER,-0.16666666666666666,0.18333333333333335,fr,1
Gianni Infantino ,Gianni Infantino ,PER,0.042,0.08,fr,1
président de la France,président de la France,PER,0.042,0.08,fr,1
Alejandro González Iñárritu ,Alejandro González Iñárritu ,PER,0.040999999999999995,0.30500000000000005,fr,1
