keyword,sentiment_mean,sentiment_std,subjectivity_mean,subjectivity_std,counting
'Abraham Lincoln',1.3551304083861322,1.0,2.571069421262261,1.0,1.0
'Abu Dhabi',-0.32631528410025273,0.6032893971622522,-0.3759065970873759,0.9312337475361737,6.0
'Adolf Hitler',-0.45545823958243437,1.1250743903329368,-0.3056552871807974,0.9180700030120164,4.0
'Affaire Epstein',0.3818991021405422,0.31941501182830584,-0.16958268041668448,0.36035704628168186,3.0
'Alexandria Ocasio-Cortez',-0.15163651093156139,0.448026349287996,0.10220003919570825,0.18655161768767525,2.0
'Ali Khamenei',1.895540375515057,0.5384494595193403,2.079203477451074,1.4988535678589334,4.0
'Andy Burnham',1.074708143537698,0.07769518146882959,-0.19621097912826171,0.028255834990517897,2.0
'Anne Hathaway',1.4104242493172892,0.07592880683316282,1.349588860639716,1.2518323975584236,2.0
'Antonio Guterres',0.04920940142330034,1.0,-1.025553209971532,1.0,1.0
'Benjamin Netanyahu',-0.7691172014565342,0.3137814543543721,0.12088383860043725,0.577215173211137,2.0
'Benyamin Netanyahou',1.0621812175450855,1.7210505075604354,-0.11948845583137231,0.2511255528893498,3.0
'Boris Vallaud',-0.6139393851597654,0.7926681960286357,0.26827663092951015,1.7235569233026236,8.0
'Bruno Retailleau',-0.6185884211998831,0.07257068456072774,-0.7069820038256556,0.6526415840843132,2.0
'Catherine Pégard',0.29657962929880666,1.0,0.20297327507770582,1.0,1.0
'Charles III',-0.3473438409284884,1.1781744021340506,0.17842052328801822,0.8790803782561757,20.0
'Charlie Kirk',-0.6525755851376638,0.13928151041133244,0.427842712732995,0.9701619578984092,2.0
'Chris Murphy',,1.0,,1.0,1.0
'Chris Wright',0.3279297790555617,1.0,0.17759261738042678,1.0,1.0
'Christian Bale',-0.07243341853064882,0.9918809017505794,0.0009392786738325887,0.7028650507872719,5.0
'Christopher Nolan',0.02713869905182259,0.7656959136481286,-0.1161226613466377,0.4177172152049741,16.0
'Conor McGregor',-2.058862478186989,1.2051529841536628,1.0717642571197914,1.5577917119198252,5.0
'Dan Hooker',-0.9987224744656051,1.0,-0.11407142094985247,1.0,1.0
'Daniel Craig',0.8629298025661155,1.0,1.4819882690010022,1.0,1.0
'Daniel Siad',0.7187281116929154,1.0,-0.31649081154783076,1.0,1.0
'David Amiel',0.09697343650373617,0.6695759038749263,-0.46226876081701335,0.43834541250786563,6.0
'Dolly Parton',0.24590305131896067,1.2540622549762395,-0.025238425355086157,0.6646082108643225,22.0
'Donald Trump',-0.012626205776810397,0.9765925004958086,0.19737551366865141,1.5608812078029033,88.0
'Edouard Philippe',0.49569941515410665,1.0,-0.07803597176410433,1.0,1.0
'Elon Musk',-0.40715238426674627,0.6713721124314466,-0.14312356648544083,0.017184746963798132,2.0
'Emmanuel Macron',0.1499549323165829,1.045951331006654,0.019577927004467154,0.6633053764300628,71.0
'Epstein Files',0.06203415629937512,0.18044239989230212,-0.5025886706860642,0.18142484269042525,2.0
'Erika Kirk',-0.7178654343796372,1.0,1.168882161894788,1.0,1.0
'Fabien Roussel',-0.3884724026221387,0.48003214098163105,-0.31266956694434594,0.5837920584399254,6.0
'François Bayrou',-0.08138250169206669,0.888485650890271,2.3109475100422623,4.809597025548699,5.0
'François Hollande',-0.19703337870054477,0.8501162438305846,0.026658370980877,0.7009752218494845,21.0
'François Mitterrand',0.6260681358781708,0.29959595375887804,-0.8298697065156093,0.7134076999152469,2.0
'Gabriel Attal',0.07379816389465892,1.1322447489351826,0.12988887036747135,0.7664700441173522,6.0
'Gavin Newsom',2.810000772552134,1.0,-0.0658083238187578,1.0,1.0
'Graham Platner',-0.5018705392920642,0.6064847693647126,0.006395057355096101,0.6270583580745711,4.0
'Gérald Darmanin',1.1455101218338852,1.0,-0.40989582302603295,1.0,1.0
'HBO Max',0.030387077735401925,0.9540487093492346,-0.060563429807128144,0.9943714918506775,10.0
'JD Vance',-0.7192349519154116,1.0,0.07553760282055366,1.0,1.0
'Jack White',1.1121059388102343,1.023807156662539,0.48543893409916433,1.0136931984079556,3.0
'Jake Gyllenhaal',0.3215954955471942,0.41237830452974544,0.49774674748500336,0.33936737150865676,2.0
'Jane Fonda',-1.6646074951560323,1.0,1.1855241676295705,1.0,1.0
'Jean-Luc Mélenchon',-0.3274851739572432,1.0099758930245744,-0.32016872450075884,0.363577747702996,20.0
'Jeffrey Epstein',0.14089884315142587,0.9874676940915106,0.15312702446575543,1.1116273815775997,23.0
'Jimmy Fallon',0.29780402051593124,0.7981427447053214,-0.1644564287540779,0.6928816080653833,4.0
'Jimmy Kimmel',-0.7413240709548908,1.0,-0.26947058507116733,1.0,1.0
'Jon Jones',1.096361085179803,1.0,-0.18194618784836625,1.0,1.0
'Jordan Bardella',0.02810529096676391,0.36652653347521114,-0.5812068280742823,0.6230203118452969,2.0
'Joshua Van',-0.19920007448106705,1.0,-0.41473219097204606,1.0,1.0
'Jérôme Guedj',-0.8860905195152672,1.5234066560024444,0.025930885914063628,0.689128064132474,5.0
'Kanye West',0.8146709486006675,1.0,-0.10259383470202162,1.0,1.0
'Katy Perry',1.186927227064515,2.103091310656333,0.0321069873728237,0.030913403190595965,2.0
'Kemal Kiliçdaroglu',-1.1558979431170637,1.0,-0.665648877664242,1.0,1.0
'Ken Paxton',-0.3435816082962924,1.0,-0.477548729642475,1.0,1.0
'Kim Jong Un',-0.733877226108555,0.2730073689325109,-0.6233398631855807,0.36940027498200617,4.0
'Kim Jong-un',-0.2946529913495038,0.5711273083852467,-0.31739737822443825,0.8001714890045427,10.0
'Laurent Nuñez',-1.244078219218128,1.0,0.7443323187199962,1.0,1.0
'Laurent Wauquiez',-0.09789286741953498,1.0,0.33845014259646206,1.0,1.0
'Le Pen',-0.5314014259288666,1.0,-0.3272518292616735,1.0,1.0
'Lindsey Graham',0.7507745812937626,1.0,-0.16732021053868082,1.0,1.0
'Lionel Messi',0.04629574595916782,1.0,-0.793511309170842,1.0,1.0
'Léa Salamé',-0.1442480063909872,1.0217928965646557,-0.2776747999281291,0.6656323808350806,24.0
'Léon XIV',1.3581225347550285,1.0,7.853782863507117,1.0,1.0
'Marco Rubio',-0.3616226478518238,1.0,-1.0655425802278977,1.0,1.0
'Maria Corina Machado',-1.1908833222964976,0.5710268057802373,-0.16816368796269823,0.19978125783376846,2.0
'Marine Le Pen',-0.28658386218049575,0.50495002635637,-0.20578834712608068,0.6813738127018536,10.0
'Marine Le Pen',0.6190441695928076,1.0,-0.3872261862827958,1.0,1.0
'Marine Tondelier',-0.29369496556353264,0.7696402050756885,-0.4874165277943249,0.5517119733203624,15.0
'Mark Carney',0.6844370405593423,1.0,-0.3627133425819201,1.0,1.0
'Mark Kelly',,1.0,,1.0,1.0
'Maud Bregeon',-0.20529309839256443,1.0,-0.21514893878289462,1.0,1.0
'Melania Trump',0.21942544060181907,0.5034023132212233,-0.14605868933641206,0.33927104103844063,2.0
'Mojtaba Khamenei',1.562119492711043,1.0961452291667353,0.47526837037774455,1.2525421739321267,9.0
'Monique Barbut',0.03581009091181332,1.168740910347099,0.16046313714772928,1.0267605174567003,55.0
'Natalie Harp',0.12144982633667899,0.8215779958563102,0.053473246002184165,0.5749115161658847,15.0
'Nicolas Maduro',-0.45147143282869884,0.5762720845405972,-0.5936526158392872,0.40835005609566066,3.0
'Nicolás Maduro',-0.3085193522093276,0.5670969242547775,-0.3264511842789405,0.6535699485223565,8.0
'Noël Barrot',-0.5824395050369783,0.4755389267584511,0.03200120174857264,0.11832326749892502,2.0
'Olivier Faure',0.02446513633640783,0.7785573839747174,-0.17249307223852917,0.41973138520171555,25.0
'Paddy Pimblett',0.6286374384583431,0.8890275912832707,-0.12292096799546402,0.1738365000392144,2.0
'Paul Biya',-0.6422705495162374,1.0,-0.6982101445107454,1.0,1.0
'Paul Kagame',0.028000000000000014,1.0,0.242,1.0,1.0
'Pedro Sánchez',-0.16732008837890894,0.17275130747843068,-0.19134527970319692,0.1276746771683882,2.0
'Philippe Brun',-0.8326738416474107,0.5184724500149223,-0.3508350279100586,0.26343399537871237,21.0
'Pierre Farandou',1.4187374542925562,1.0,0.5932830707496397,1.0,1.0
'Poutine',-0.7276521654016701,0.7455530012880813,-0.14480743520894082,0.3906931491544247,14.0
'Premier ministre',0.4840165325371512,1.2445326898431541,0.003127408491299958,0.472688557278525,30.0
'Quand Harry',0.5153369586539812,1.0,-1.2169670100831462,1.0,1.0
'Rachida Dati',-0.32995195683638145,1.0,-0.3859595431149129,1.0,1.0
'Rafael Grossi',0.7905471198563666,1.0026073831449298,0.5514866724232746,0.7505150643362294,4.0
'Raphaël Glucksmann',-0.009749080127427555,0.821408192827258,-0.058319470617205,0.9966247986968029,85.0
'Ro Khanna',-0.640602956537655,1.0,-0.2961104417776784,1.0,1.0
'Robert de Niro',1.3508797901536693,1.0,0.9122182158415203,1.0,1.0
'Rosie O’Donnell',0.11094115303198102,1.0,-0.03594780944479387,1.0,1.0
'Rudy Giuliani',-0.1479899822287592,1.0,-1.4654362827915537,1.0,1.0
'Salahdine Parnasse',-0.14660684802693572,1.3733112708990574,0.5104354018654373,0.9162056598814662,5.0
'Sam Altman',1.3176496529437316,1.0,0.7588342268811127,1.0,1.0
'Sophia Chikirou',0.24137695715221003,1.0,-0.7337416544487311,1.0,1.0
'Stephen Colbert',-0.07563249232336611,0.8930395036002168,3.3467812730138706,3.7330634665925078,2.0
'Susan Collins',0.062025707142108324,0.3640607691838108,0.5012973316905395,0.7805118797231232,2.0
'Sven Schulze',0.16963789913084257,0.4550666501045869,-0.21103422022475882,0.22130885302352266,2.0
'Sébastien Lecornu',0.3294031795745348,1.0502754817616033,-0.03264092914746264,0.48438151582606637,52.0
'Ségolène Royal',0.18393096037122728,0.6251154393314219,-0.17499453498414055,0.610401873484698,37.0
'Taylor Swift',0.680083862075392,0.22615438040177183,-0.2483049018383633,0.36186618135345605,4.0
'Todd Blanche',-0.5226193984821363,1.0,-0.4986071350363086,1.0,1.0
'Tom Cruise',-0.1612911194110562,1.063847205157491,0.42497337721181383,1.001991042159302,19.0
'Vladimir Poutine',-0.23567270770687032,0.7517495106941114,-0.42632411231935197,0.41251563332183955,25.0
'Volodymyr Zelensky',-0.153867518648271,0.8642287508502551,-0.23812104822466118,0.46655806362024443,12.0
'Xi Jinping',0.6802474291098909,1.0,0.5340322300267258,1.0,1.0
'Yannick Jadot',-0.5276638927717082,0.9878221227912366,0.02014126882186697,0.4331449511183185,7.0
'Yaël Braun-Pivet',-0.20045816043438575,0.29007997249558426,0.7868283758373696,1.6081631595240669,5.0
'Yves Bournazel',-0.918696304866052,1.0,0.2539011267076604,1.0,1.0
'Zohran Mamdani',0.09401587982917825,0.9121824567178844,0.024198398722659296,0.8113426017956255,35.0
'laffaire Epstein',0.39419555497081377,0.21264977321354916,-0.5899204447906613,0.4374396981474615,3.0
'nan Si',-1.8295136365769777,1.0,1.4557984251745881,1.0,1.0
'nan nan',-0.060957026274916455,0.7675982299862153,-0.15694938471010172,0.5481219550305428,50.0
'prince Harry',0.14915353831359254,0.5160416092985899,-0.2569399540464324,0.07423265832130903,2.0
'président de la République',0.06296363887713326,0.7126465397741255,-0.023307284132943085,0.5167720620229059,12.0
'Édouard Philippe',0.3936566050076333,1.0585466531728276,-0.15141967038669507,0.4393051839616014,7.0
'Éric Ciotti',0.10249304957512555,1.1023944122826437,-0.02841994434227497,0.8108033903425338,5.0
