day,sentiment_mean,sentiment_std,subjectivity_mean,subjectivity_std,counting
2026-07-07,-0.14160224401117286,0.9135429643082478,-0.30869753817446105,0.5952471903924436,15.0
2026-07-08,0.04252396358274927,0.8723254778424291,0.16961898560034394,1.2129097659934407,12.0
2026-07-09,0.0065489947210807895,0.7196046666415821,0.864359375347816,1.298932893853178,10.0
2026-07-10,0.676504089586531,1.387469372604762,0.9747372603783842,1.7209869942227605,15.0
2026-07-11,0.8140296753293275,1.243464499214345,-0.0014590202631100297,1.085189798258996,15.0
2026-07-12,-0.24273198558973716,1.348661755602931,0.08738074992040865,1.1574733821711074,23.0
2026-07-13,0.15064447260462346,0.9002221748863356,-0.022662986255875272,0.8048690887711958,12.0
2026-07-14,0.21647496239552547,1.089952322220728,-0.09610084176369223,0.4746594686402801,9.0
2026-07-15,0.07781532383505994,0.8373328336488471,-0.006858417816145274,0.7211405900864051,9.0
2026-07-16,-0.16051132805574103,0.77765108698189,-0.12244538388370815,0.3828485274188838,10.0
2026-07-17,0.1441510892491175,0.5775474496571875,0.10441211575513314,0.5235481247240271,9.0
2026-07-18,-0.010431727235109364,1.0049469307757168,-0.07887380838802138,0.6636573098178586,8.0
2026-07-19,0.11448857557226136,1.0104446341565585,1.0303481732204345,2.2455249826296653,7.0
2026-07-20,0.17532138654632778,1.0267110793954957,-0.2610504310263041,0.9507467477570126,6.0
2026-07-21,0.05555051332135767,1.2108133536068775,-0.17556335317557958,0.4255243244140046,23.0
2026-07-22,0.06162840606188116,1.0177796454136339,-0.08972163801904069,0.8116215729449504,61.0
2026-07-23,0.3230794113716526,1.4604717617097216,0.32934064385245904,1.204632829866049,16.0
2026-07-24,0.00038326906577985004,1.0474501449074645,-0.3754830957993262,0.6338569198940937,12.0
2026-07-25,-0.04851719572412389,0.6898863421326137,1.3898399874231924,4.262511039572373,7.0
2026-07-26,0.7654165676917838,1.457664068138122,0.44466899227623297,1.2003720818347228,10.0
2026-07-27,-0.3262518560562795,0.6937480495101471,0.11323662164798023,0.5583889779216905,20.0
2026-07-28,-0.4870666865126429,0.9723342148946154,-0.00034365150416856144,0.4629473990567739,12.0
2026-07-29,0.3991738354760844,0.9841831457187549,-0.0057708450963764035,0.6629060419717391,8.0
2026-07-30,0.6388469447311738,0.8244097578822807,-0.22029263304230984,0.4372774873905733,6.0
2026-07-31,-0.18639993796127696,0.5170075977393327,-0.09791928557223398,0.5474149610748869,13.0
2026-08-01,0.18533551820424835,0.7399916128254352,-0.00017346430758970652,0.78026075228527,12.0
2026-08-02,-0.23346881133333466,0.9426241664961752,-0.007957191434134002,0.5858616792027629,16.0
2026-08-03,-0.22993761138100693,0.5606574674013862,-0.33490852094563056,0.7884057369682971,7.0
2026-08-04,0.02771838456689396,1.2003545918320888,-0.27387215755614724,0.3868070191535734,10.0
2026-08-05,0.5919052950471926,0.7555462106718325,-0.3143984044578459,0.40064864152480706,9.0
2026-08-06,-0.5039473393233631,1.1099428410231449,-0.008936549780560143,0.6742925669179206,10.0
2026-08-07,0.2696215161698614,0.7156245411418996,0.3812182552490128,1.1642390692465494,10.0
2026-08-08,0.9723687068911835,1.259190216063539,-0.08203496407214014,0.5019725900532062,4.0
2026-08-09,-0.1758992599988994,0.5955590879977718,0.08262946948914862,0.5775386948859175,3.0
2026-08-10,-0.2616995370001115,0.5907306619293647,-0.04934562013699211,0.6696171297329895,13.0
2026-08-11,0.5787897996387592,0.6457635252446078,1.231197715759792,3.2608651984671284,6.0
2026-08-12,-0.5514345335123726,0.39473657968164644,-0.4121883291251968,0.3799774407142779,11.0
2026-08-13,0.07494462403106635,0.6717527025155208,-0.20299133446973486,0.7112320576484863,19.0
2026-08-14,-0.160870612463773,0.8168771254103034,-0.4878742495946194,0.366021783150692,11.0
2026-08-15,0.12443206649208599,1.2997586897752582,-0.17997019893824603,0.43216279761755827,5.0
2026-08-16,-0.30371811425702466,1.0979885646618244,-0.31037226230533194,0.13696004464181258,2.0
2026-08-17,0.37502193698155983,1.2826726854968111,0.08767090502490797,0.5311249394365727,13.0
2026-08-18,0.03948039951219671,0.9353633651212161,-0.234401364397555,0.7015659988088654,17.0
2026-08-19,-0.3138765160966162,1.2118778794412426,-0.013090607038750214,0.6259593768672126,27.0
2026-08-20,-0.05857030134487931,0.758067483711794,-0.2021573802341136,0.4191738818940419,22.0
2026-08-21,0.007802919646869525,0.7034068696565924,-0.08581238998119538,0.492542893848479,9.0
2026-08-22,0.14099030306196497,0.7002725380438514,0.13658979792921896,1.502212756611844,7.0
2026-08-23,-0.3925431617104223,0.8621990859710009,-0.3037366990039411,0.5125471473151622,11.0
2026-08-24,-0.2311763876596571,0.9121609056253558,-0.27862775467997525,0.6973672600759019,27.0
2026-08-25,0.21179300734191422,0.8592701975144684,0.19664659377275912,0.6920530893947696,11.0
2026-08-26,-0.30966840307476057,0.6000963394530188,-0.01571539576260778,0.7674366421411682,17.0
2026-08-27,-0.14847893199612958,0.9095280361840067,0.2763495318610548,1.6374221125973885,10.0
2026-08-28,0.22970803964875114,0.8088375231305877,0.26559093177644866,1.0550507901192252,19.0
2026-08-29,-0.048380234289369675,0.7564192595634367,-0.16830347331903772,0.501637375743618,13.0
2026-08-30,0.03792990671095951,0.6383843755349465,0.1961665472975528,1.3071569832117038,17.0
2026-08-31,0.311438313583976,0.5556042804166431,-0.04080351193897843,0.5344250945718092,7.0
2026-09-01,-0.16734936180943488,0.8460807205830044,-0.2965514498625421,0.75522561242081,13.0
2026-09-02,0.1429015326891449,0.8403172424912969,0.12003161591842038,0.506472144782763,16.0
2026-09-03,0.08675494649345523,0.970662864567269,0.16585198645623164,0.641526531816622,20.0
2026-09-04,-0.04306314788674146,0.8681625639093666,-0.05328554707522756,0.7751982962550505,15.0
2026-09-05,0.08550538810175226,0.624144841370467,-0.3967021778650092,0.23227371859028095,2.0
2026-09-06,0.10464257275557358,0.5386528820847647,-0.1412996913402548,0.7675993463091205,15.0
2026-09-07,-0.04404101767961088,1.021187133848588,-0.35137123620955285,1.2647600615898105,7.0
2026-09-08,-0.0776756470443081,1.3255311729301715,-0.17925557114485421,0.4608296685619524,7.0
2026-09-09,-0.1965244817679781,0.9747073577047374,0.05310179429218668,0.6985507397745309,18.0
2026-09-10,0.8689433185979255,0.9074153441328302,0.07164406799371774,0.7186182342909151,3.0
2026-09-11,0.11137869282769129,0.6409289196758073,-0.15076773451194375,0.6127150652687532,14.0
2026-09-12,0.14724817345268085,1.4253188798180538,0.15779128359850875,0.3731623681935045,4.0
2026-09-13,0.6019845726388249,0.272384913413856,-0.15293070495524663,0.0733482645670419,2.0
2026-09-14,0.5159728210448468,1.2193615341160409,-0.1070845225118036,0.6548872462595281,15.0
2026-09-15,-0.1826084685221875,0.7510673525504736,-0.008609639538967406,1.1910577042334978,19.0
2026-09-16,-0.47489133829481384,0.5646715832606628,-0.310523293499404,0.4145455973429323,22.0
2026-09-17,-0.5636723312004935,1.102614744395257,0.08115710493023082,0.8047498353637295,21.0
2026-09-18,-0.1462068416423679,0.8287133562315848,-0.35831419065910797,0.4689842237499168,10.0
2026-09-19,-0.7103295809100733,0.4978155671941741,2.177728855886583,4.816393148938386,5.0
2026-09-20,-0.19115434862669975,1.208026730919532,-0.026587099021851898,0.5310429455548584,16.0
2026-09-21,0.02698513499536938,0.6660853911082016,-0.5821059644727483,0.46377462679585235,14.0
2026-09-22,-0.20429187682544372,1.1148876204236116,-0.1042428751696203,0.6370830673375326,16.0
2026-09-23,0.03086811802685437,0.9081577988945817,-0.3365944689022223,0.7378939602469923,9.0
2026-09-24,-0.0070063610967625,1.4388172788977498,0.03210665693424918,0.6589997348557157,18.0
2026-09-25,-0.3408708821454619,1.24590116129716,-0.08181882214359856,0.5992904756400116,10.0
2026-09-26,0.782495031232819,1.5384183768254445,0.1649424029418211,0.315880875396487,5.0
2026-09-27,0.25516662008418783,1.2272517098730606,0.5492324921545082,1.0585024691396476,5.0
2026-09-28,0.7197859583727831,0.23232240330424983,-0.014755607523013851,0.5115499954965987,9.0
2026-09-29,0.09824677880582089,1.4311605339092872,0.9713305195508409,1.1660344909377922,8.0
2026-09-30,-0.07726783790400589,0.341273398647149,0.25184270844163825,0.6308995724407851,4.0
2026-10-01,0.10143307459248074,1.0,-0.6787143499278635,1.0,1.0
